{
  "widthOfTankInMM": 188,
  "widthOfTreadInMM": 44,
  "isCalibrated": true,
  "minPower": 900,
  "power": 900,
  "powerDrainScale": 1,
  "speedForward": 0.22200000000000017,
  "speedBackward": 0.23200000000000018,
  "maximumSpeedForward": 1.0101000000000007,
  "maximumSpeedBackward": 1.0556000000000008,
  "rotation": {
    "positive": {
      "frictionFactor": -0.3125,
      "speedIncrease": 0.15000000000000002
    },
    "negative": {
      "frictionFactor": -0.3125,
      "speedIncrease": 0.15000000000000002
    }
  }
}