{
  "widthOfTankInMM": 188,
  "widthOfTreadInMM": 44,
  "isCalibrated": true,
  "minPower": 900,
  "power": 900,
  "powerDrainScale": 1,
  "defaultSpeed": 0.4,
  "speedForward": 0.22599999999999995,
  "speedBackward": 0.23799999999999996,
  "maximumSpeedForward": 1.0282999999999998,
  "maximumSpeedBackward": 1.0828999999999998,
  "drift": {
    "forward": -0.09875,
    "backward": 0.0125
  },
  "rotation": {
    "positive": {
      "8": {
        "frictionFactor": -0.07090400086226964,
        "speedIncrease": 0.5
      },
      "24": {
        "frictionFactor": 0.29316077279592256,
        "speedIncrease": 0.5
      },
      "m": -0.6953125,
      "b": 0.4751931596250186,
      "speedIncrease": 0.5
    },
    "negative": {
      "8": {
        "frictionFactor": -0.18407769454627693,
        "speedIncrease": 0.5
      },
      "24": {
        "frictionFactor": 0.13090184738092214,
        "speedIncrease": 0.5
      },
      "m": -0.6015666128464154,
      "b": 0.2883916183445216,
      "speedIncrease": 0.5
    }
  }
}