{
  "widthOfTankInMM": 188,
  "widthOfTreadInMM": 44,
  "isCalibrated": true,
  "minPower": 900,
  "power": 900,
  "powerDrainScale": 1,
  "defaultSpeed": 0.4,
  "speedForward": 0.22599999999999995,
  "speedBackward": 0.23799999999999996,
  "maximumSpeedForward": 1.0282999999999998,
  "maximumSpeedBackward": 1.0828999999999998,
  "rotation": {
    "positive": {
      "1": {
        "frictionFactor": -0.2579584608751772,
        "speedIncrease": 0.3
      },
      "4": {
        "frictionFactor": -0.14386676870014176,
        "speedIncrease": 0.3
      },
      "m": -0.024211009033834413,
      "b": -0.1058362046417966,
      "speedIncrease": 0.3
    },
    "negative": {
      "1": {
        "frictionFactor": -0.34375,
        "speedIncrease": 0.3
      },
      "4": {
        "frictionFactor": -0.13767515305021263,
        "speedIncrease": 0.3
      },
      "m": -0.04373044071861927,
      "b": -0.06898353740028351,
      "speedIncrease": 0.3
    }
  }
}